Common Name,Species,Year,Region,Latitude,Longitude,Depth
American lobster,Homarus americanus,1971,Gulf of St. Lawrence South,45.8967312312312,-62.476134009009,
Red hake,Urophycis chuss,1970,Maritimes Summer,43.5962348976159,-60.2366909767336,100.704433328316
Black sea bass,Centropristis striata,1974,Northeast US Fall,37.5311296381581,-74.4084853012876,35.7722889783641
Rainbow star,Orthasterias koehleri,1993,Gulf of Alaska,56.233684711313,-157.447258198744,100.120206736431
Banded drum,Larimus fasciatus,1982,Gulf of Mexico,28.7390621664326,-90.4261838788517,47.690986951283
Guachanche barracuda,Sphyraena guachancho,1984,Gulf of Mexico,28.6819801660517,-91.4300155289053,48.989907896679
American lobster,Homarus americanus,1972,Gulf of St. Lawrence South,46.8950897435897,-64.4685392628205,
American lobster,Homarus americanus,1973,Gulf of St. Lawrence South,45.8967312312312,-62.476134009009,
American lobster,Homarus americanus,1974,Gulf of St. Lawrence South,45.8967312312312,-62.476134009009,
American lobster,Homarus americanus,1975,Gulf of St. Lawrence South,46.5553769063181,-61.602654003268,
American lobster,Homarus americanus,1976,Gulf of St. Lawrence South,45.8967312312312,-62.476134009009,
American lobster,Homarus americanus,1977,Gulf of St. Lawrence South,45.8967312312312,-62.476134009009,
American lobster,Homarus americanus,1978,Gulf of St. Lawrence South,45.8967312312312,-62.476134009009,
American lobster,Homarus americanus,1979,Gulf of St. Lawrence South,45.8967312312312,-62.476134009009,
American lobster,Homarus americanus,1980,Gulf of St. Lawrence South,46.3512838273137,-62.4906461276366,
American lobster,Homarus americanus,1981,Gulf of St. Lawrence South,46.1631774161797,-62.4689882262775,
American lobster,Homarus americanus,1982,Gulf of St. Lawrence South,46.3517082960751,-63.0275002493752,
American lobster,Homarus americanus,1983,Gulf of St. Lawrence South,45.8967312312312,-62.476134009009,
American lobster,Homarus americanus,1984,Gulf of St. Lawrence South,46.6354549022387,-63.4156234628254,
American lobster,Homarus americanus,1985,Gulf of St. Lawrence South,46.4724126418839,-62.678606923216,
American lobster,Homarus americanus,1986,Gulf of St. Lawrence South,46.5284198287751,-62.8011183075257,
American lobster,Homarus americanus,1987,Gulf of St. Lawrence South,46.597775313295,-62.6792950505841,
American lobster,Homarus americanus,1988,Gulf of St. Lawrence South,46.6367556254818,-63.1137625166636,
American lobster,Homarus americanus,1989,Gulf of St. Lawrence South,46.5408858211409,-62.4453020192229,
American lobster,Homarus americanus,1990,Gulf of St. Lawrence South,46.6265583500554,-62.6024626312001,
American lobster,Homarus americanus,1991,Gulf of St. Lawrence South,47.1913735074644,-64.0091121519393,
American lobster,Homarus americanus,1992,Gulf of St. Lawrence South,46.7597529826993,-63.4522320691883,
American lobster,Homarus americanus,1993,Gulf of St. Lawrence South,46.4634757703703,-63.1552957813186,
American lobster,Homarus americanus,1994,Gulf of St. Lawrence South,46.6954497566039,-63.4675279140856,
American lobster,Homarus americanus,1995,Gulf of St. Lawrence South,46.5639592729053,-62.843960084644,
American lobster,Homarus americanus,1996,Gulf of St. Lawrence South,46.7083427061699,-62.9026257430153,
American lobster,Homarus americanus,1997,Gulf of St. Lawrence South,46.6144455765876,-63.0399860507264,
American lobster,Homarus americanus,1998,Gulf of St. Lawrence South,46.5333681967146,-62.7017117254492,
American lobster,Homarus americanus,1999,Gulf of St. Lawrence South,46.7625705631994,-63.3319899939032,
American lobster,Homarus americanus,2000,Gulf of St. Lawrence South,46.7856178397068,-63.0625391657034,
American lobster,Homarus americanus,2001,Gulf of St. Lawrence South,46.6858794747619,-62.8769493705723,
American lobster,Homarus americanus,2002,Gulf of St. Lawrence South,46.6869597772046,-62.6977636941094,
American lobster,Homarus americanus,2004,Gulf of St. Lawrence South,46.906596943466,-63.1531902285045,
American lobster,Homarus americanus,2005,Gulf of St. Lawrence South,46.5690196540098,-62.7931132837323,
American lobster,Homarus americanus,2006,Gulf of St. Lawrence South,46.849898001858,-63.2858530816688,
American lobster,Homarus americanus,2007,Gulf of St. Lawrence South,46.7458720580099,-63.1049444129397,
American lobster,Homarus americanus,2008,Gulf of St. Lawrence South,46.7331185503498,-63.2532286220265,
American lobster,Homarus americanus,2009,Gulf of St. Lawrence South,46.8504502489903,-63.3945338770859,
American lobster,Homarus americanus,2010,Gulf of St. Lawrence South,46.8811474938647,-62.9857352621596,
American lobster,Homarus americanus,2011,Gulf of St. Lawrence South,46.7922145801173,-63.1534526979666,
American lobster,Homarus americanus,2012,Gulf of St. Lawrence South,47.227151561544,-62.542389390436,
American lobster,Homarus americanus,2013,Gulf of St. Lawrence South,46.7042930409122,-62.9332557258273,
American lobster,Homarus americanus,2014,Gulf of St. Lawrence South,47.0097530721826,-63.7278868507084,
American lobster,Homarus americanus,2015,Gulf of St. Lawrence South,47.1927930892005,-63.7634741812157,
American lobster,Homarus americanus,2016,Gulf of St. Lawrence South,47.1043984588503,-63.8136847961513,
American lobster,Homarus americanus,2017,Gulf of St. Lawrence South,47.1714623976572,-63.1888022901584,
American lobster,Homarus americanus,2018,Gulf of St. Lawrence South,47.2114691597512,-63.3290208437243,
American lobster,Homarus americanus,2019,Gulf of St. Lawrence South,46.9098090137088,-63.3247004034151,
American lobster,Homarus americanus,1970,Maritimes Summer,,,
American lobster,Homarus americanus,2003,Maritimes Summer,43.5284132081706,-65.8210692922609,131.715556313647
American lobster,Homarus americanus,2020,Maritimes Summer,43.517597331803,-65.2195946639412,107.856070771124
Red hake,Urophycis chuss,1971,Maritimes Summer,43.5447761717257,-60.3411504139059,113.769451036651
Red hake,Urophycis chuss,1972,Maritimes Summer,,,
Red hake,Urophycis chuss,1973,Maritimes Summer,42.7703896663187,-65.4106544450783,129.22566848278
Red hake,Urophycis chuss,1974,Maritimes Summer,44.0749245283019,-62.0179017169811,137.914811320755
Red hake,Urophycis chuss,1975,Maritimes Summer,,,
Red hake,Urophycis chuss,1977,Maritimes Summer,42.8290504278079,-63.0832783308825,255.057834620091
Red hake,Urophycis chuss,1978,Maritimes Summer,44.9119917061069,-60.735093519084,139.041259541985
Red hake,Urophycis chuss,1979,Maritimes Summer,43.9861267247241,-61.8646115504751,104.546709217803
Red hake,Urophycis chuss,1980,Maritimes Summer,44.0575454754394,-62.2501851065645,119.680460947752
Red hake,Urophycis chuss,1981,Maritimes Summer,44.0925635556002,-62.5440787863224,142.52347480999
Red hake,Urophycis chuss,1982,Maritimes Summer,43.5796486989055,-63.5115743404808,149.011389911978
Red hake,Urophycis chuss,1983,Maritimes Summer,44.2894308270425,-62.5096395208449,148.641900582661
Red hake,Urophycis chuss,1984,Maritimes Summer,43.2098746890501,-64.6069830294914,134.189701442589
Red hake,Urophycis chuss,1985,Maritimes Summer,44.0313548804432,-62.4316530893269,138.430487008293
Red hake,Urophycis chuss,1986,Maritimes Summer,43.6834031987601,-62.8854009549921,125.736656433113
Red hake,Urophycis chuss,1987,Maritimes Summer,44.1818459226361,-62.786809743914,181.408674546085
Red hake,Urophycis chuss,1988,Maritimes Summer,43.6216704002805,-63.4979716840944,141.420584731075
Red hake,Urophycis chuss,1989,Maritimes Summer,43.4819195941149,-63.4719533513448,138.911241185607
Red hake,Urophycis chuss,1990,Maritimes Summer,43.5063581936415,-63.0888174993092,122.876365611903
Red hake,Urophycis chuss,1991,Maritimes Summer,43.7009165162629,-64.5510590736773,131.851178060191
Red hake,Urophycis chuss,1992,Maritimes Summer,43.4022568693683,-64.5650336744114,162.084127273379
Red hake,Urophycis chuss,1993,Maritimes Summer,43.5616712751488,-64.3113894051668,127.303098560237
Red hake,Urophycis chuss,1994,Maritimes Summer,43.4848122386367,-64.0700371022752,133.050898571006
Red hake,Urophycis chuss,1995,Maritimes Summer,43.6207415915721,-64.3315165763708,141.825151022822
Red hake,Urophycis chuss,1996,Maritimes Summer,43.5190283136256,-64.9716330247607,151.048027867244
Red hake,Urophycis chuss,1997,Maritimes Summer,43.4527964185822,-63.3870071204408,152.681936268086
Red hake,Urophycis chuss,1998,Maritimes Summer,43.7826048505393,-62.6638735345684,173.994065591466
Red hake,Urophycis chuss,1999,Maritimes Summer,43.5594453917076,-63.3713055157609,144.658020677371
Red hake,Urophycis chuss,2000,Maritimes Summer,43.3784995750173,-65.0035435420873,146.668770990305
Red hake,Urophycis chuss,2001,Maritimes Summer,43.2620963409707,-64.6915958611172,144.364204016587
Red hake,Urophycis chuss,2002,Maritimes Summer,43.4222482060162,-64.8641544668942,151.04339054837
Red hake,Urophycis chuss,2003,Maritimes Summer,43.349930037012,-64.5035340142215,143.249896729773
Red hake,Urophycis chuss,2004,Maritimes Summer,44.0227653767526,-63.3120511657524,137.785918267204
Red hake,Urophycis chuss,2005,Maritimes Summer,43.5707758003649,-63.67036650503,147.215348111271
Red hake,Urophycis chuss,2006,Maritimes Summer,43.4552984748209,-64.1972827992182,140.706696703731
Red hake,Urophycis chuss,2007,Maritimes Summer,43.5235534860973,-64.1903205656068,148.523648415475
Red hake,Urophycis chuss,2008,Maritimes Summer,43.413505407707,-64.3152380118375,162.569770881691
Red hake,Urophycis chuss,2009,Maritimes Summer,43.7317189294577,-63.5054567907166,158.072707752387
Red hake,Urophycis chuss,2010,Maritimes Summer,43.6504574939937,-64.2382752126777,140.367080411843
Red hake,Urophycis chuss,2011,Maritimes Summer,43.6086377339701,-62.9547243985826,131.960483762703
Red hake,Urophycis chuss,2012,Maritimes Summer,43.3554949695103,-63.8995395882674,129.427601874163
Red hake,Urophycis chuss,2013,Maritimes Summer,43.4256821942544,-63.1446799412935,147.833446731305
Red hake,Urophycis chuss,2014,Maritimes Summer,43.4835232730489,-64.1617334804913,132.299266783497
Red hake,Urophycis chuss,2015,Maritimes Summer,43.5746244024948,-63.6010592129814,137.913165165471
Red hake,Urophycis chuss,2016,Maritimes Summer,43.4561600193091,-63.5457192597528,128.059343890892
Red hake,Urophycis chuss,2017,Maritimes Summer,43.5940720042137,-63.7819150099737,143.199731140816
Red hake,Urophycis chuss,2019,Maritimes Summer,43.968673731285,-63.0343600684404,139.125218454238
Red hake,Urophycis chuss,2020,Maritimes Summer,43.4030450967889,-64.2833075219855,131.423248364425
Red hake,Urophycis chuss,1976,Northeast US Fall,41.0939663449191,-69.3012993443997,89.5468964556243
Red hake,Urophycis chuss,2018,Northeast US Fall,42.0774118571683,-69.10022391249,134.161259883133
Black sea bass,Centropristis striata,1975,Northeast US Fall,37.8992575667253,-74.2978597940785,58.1588348665628
Black sea bass,Centropristis striata,1976,Northeast US Fall,39.5494254278504,-71.8515576578357,55.6967183542016
Black sea bass,Centropristis striata,1977,Northeast US Fall,39.1952422902925,-73.4143699400525,37.7069710315774
Black sea bass,Centropristis striata,1978,Northeast US Fall,39.8008093405987,-72.4928822408004,39.4805994587843
Black sea bass,Centropristis striata,1979,Northeast US Fall,39.3039924317349,-72.5177378859628,37.2887863948366
Black sea bass,Centropristis striata,1980,Northeast US Fall,37.9827441186171,-74.812200760335,29.1786901659654
Black sea bass,Centropristis striata,1981,Northeast US Fall,38.6587563350125,-73.6094163714903,36.4264039089958
Black sea bass,Centropristis striata,1982,Northeast US Fall,38.9221605856997,-73.8100276899351,36.1853971528897
Black sea bass,Centropristis striata,1983,Northeast US Fall,38.1113669508979,-74.595173994238,36.6682944504814
Black sea bass,Centropristis striata,1984,Northeast US Fall,37.2512649313175,-75.0703722375193,33.4410440752091
Black sea bass,Centropristis striata,1985,Northeast US Fall,39.0602171988182,-73.232711371841,39.7072640141217
Black sea bass,Centropristis striata,1986,Northeast US Fall,38.0713196134225,-74.3122844828328,41.9167276873561
Black sea bass,Centropristis striata,1987,Northeast US Fall,38.2778906449983,-74.3853461239918,33.4401176868892
Black sea bass,Centropristis striata,1988,Northeast US Fall,37.0263990861316,-75.1613816826933,34.5994890429225
Black sea bass,Centropristis striata,1989,Northeast US Fall,37.9659368880637,-74.7851426790994,31.1091193291096
Black sea bass,Centropristis striata,1990,Northeast US Fall,37.7666757820071,-74.6395795355274,34.9473831790341
Black sea bass,Centropristis striata,1991,Northeast US Fall,37.1772459832487,-75.158878903886,30.4063413055953
Black sea bass,Centropristis striata,1992,Northeast US Fall,37.9355123750484,-74.7209783985851,34.8885158414891
Black sea bass,Centropristis striata,1993,Northeast US Fall,37.2414304478967,-75.1782709674905,30.5466467489988
Black sea bass,Centropristis striata,1994,Northeast US Fall,36.8775790408636,-75.0694637297697,33.2973279703577
Black sea bass,Centropristis striata,1995,Northeast US Fall,38.4384416684837,-74.1423324500172,39.1441113574046
Black sea bass,Centropristis striata,1996,Northeast US Fall,37.5563050770539,-74.8689161627855,32.9266459258571
Black sea bass,Centropristis striata,1997,Northeast US Fall,37.3051249238407,-75.0363324186433,32.9679632319026
Black sea bass,Centropristis striata,1998,Northeast US Fall,37.1101598388709,-75.155217220024,32.4347184763021
Black sea bass,Centropristis striata,1999,Northeast US Fall,38.7806199011847,-74.0574643040474,37.5976451065985
Black sea bass,Centropristis striata,2000,Northeast US Fall,37.774732642039,-74.6737686804927,33.8274701996665
Black sea bass,Centropristis striata,2001,Northeast US Fall,39.9643435018171,-72.8628704520559,38.2236971360432
Black sea bass,Centropristis striata,2002,Northeast US Fall,37.462181246172,-74.8053892424367,35.3566457502963
Black sea bass,Centropristis striata,2003,Northeast US Fall,38.5389466261731,-74.0712713005305,37.0084648635887
Black sea bass,Centropristis striata,2004,Northeast US Fall,39.2352946186476,-73.6826186102148,35.9815571073538
Black sea bass,Centropristis striata,2005,Northeast US Fall,40.7892524980959,-70.7567023843228,42.4716553384776
Black sea bass,Centropristis striata,2006,Northeast US Fall,39.6795247189208,-73.1214534297132,35.4079836066325
Black sea bass,Centropristis striata,2007,Northeast US Fall,38.6776391016114,-74.001698484305,36.8741530132702
Black sea bass,Centropristis striata,2008,Northeast US Fall,38.4415195824739,-74.641618980254,26.6981352715968
Black sea bass,Centropristis striata,2009,Northeast US Fall,38.6454622608102,-74.0786733176226,37.8019299778624
Black sea bass,Centropristis striata,2010,Northeast US Fall,39.4682229422886,-73.3208197865393,38.1318839431943
Black sea bass,Centropristis striata,2011,Northeast US Fall,39.1644076356246,-73.4914994755922,43.6178330063342
Black sea bass,Centropristis striata,2012,Northeast US Fall,38.7517133120533,-73.9518786388738,37.2064908315597
Black sea bass,Centropristis striata,2013,Northeast US Fall,40.6712703917676,-71.3827339187574,40.8876938118415
Black sea bass,Centropristis striata,2014,Northeast US Fall,40.1270808289633,-72.4737750758201,39.3856996910935
Black sea bass,Centropristis striata,2015,Northeast US Fall,39.5028261440495,-72.9260968833149,38.7857257987409
Black sea bass,Centropristis striata,2016,Northeast US Fall,40.0550710170109,-72.0983527767761,41.7367235509222
Black sea bass,Centropristis striata,2018,Northeast US Fall,40.2146731377478,-72.5629177041246,46.0673493218728
Black sea bass,Centropristis striata,2019,Northeast US Fall,39.3354399294142,-73.3060299602733,37.3054487189291
Black sea bass,Centropristis striata,2017,Northeast US Spring,39.4392782916024,-72.2523074374674,141.511161049285
Rainbow star,Orthasterias koehleri,1996,Gulf of Alaska,55.9863042543463,-156.885667735226,87.8668892263142
Rainbow star,Orthasterias koehleri,1999,Gulf of Alaska,56.411719533522,-155.540013047901,84.9198979921405
Rainbow star,Orthasterias koehleri,2003,Gulf of Alaska,56.7329387099054,-154.714199689835,107.238131771243
Rainbow star,Orthasterias koehleri,2005,Gulf of Alaska,56.5894710372004,-154.584041785196,76.0961602868874
Rainbow star,Orthasterias koehleri,2007,Gulf of Alaska,56.8603083693092,-154.197673672939,82.9983524398618
Rainbow star,Orthasterias koehleri,2009,Gulf of Alaska,57.0811074368542,-153.64808317908,88.7650250767077
Rainbow star,Orthasterias koehleri,2011,Gulf of Alaska,56.7294050761347,-154.828254345441,103.501145264479
Rainbow star,Orthasterias koehleri,2013,Gulf of Alaska,56.5116804482144,-154.471073485565,99.8076777882409
Rainbow star,Orthasterias koehleri,2015,Gulf of Alaska,57.496172010903,-155.113076937147,74.9219344555844
Rainbow star,Orthasterias koehleri,2017,Gulf of Alaska,56.1016205632585,-157.461463222901,92.0590770473451
Rainbow star,Orthasterias koehleri,2019,Gulf of Alaska,55.3046940846504,-159.980676766551,87.9712019477217
Rainbow star,Orthasterias koehleri,2004,West Coast Annual,43.0288647364662,-124.078325540453,131.109785205665
Rainbow star,Orthasterias koehleri,2006,West Coast Annual,43.6075659510023,-124.536432818338,164.288800969499
Rainbow star,Orthasterias koehleri,2008,West Coast Annual,33.6599853800658,-118.657626096382,77.5151315789474
Rainbow star,Orthasterias koehleri,2010,West Coast Annual,47.1886644370948,-125.077376879761,221.773616971132
Rainbow star,Orthasterias koehleri,2012,West Coast Annual,35.7358845311064,-120.543127577325,195.33107772146
Rainbow star,Orthasterias koehleri,2016,West Coast Annual,34.2415920914498,-119.331646766156,118.218386369177
Rainbow star,Orthasterias koehleri,2018,West Coast Annual,47.5766146869838,-124.931388701669,138.178707969841
Banded drum,Larimus fasciatus,1983,Gulf of Mexico,28.5308980797702,-94.5507885511522,52.0439815229985
Banded drum,Larimus fasciatus,1984,Gulf of Mexico,28.3607474391782,-94.2174356340679,70.1008437572601
Banded drum,Larimus fasciatus,1985,Gulf of Mexico,27.1459418131725,-96.3440120712748,39.8135932015608
Banded drum,Larimus fasciatus,1986,Gulf of Mexico,28.6070577922815,-94.6797530715312,47.3813280102267
Banded drum,Larimus fasciatus,1987,Gulf of Mexico,29.1597895581726,-92.6797301867093,33.8257410649383
Banded drum,Larimus fasciatus,1988,Gulf of Mexico,28.64267030442,-94.0845339414151,42.4599503423813
Banded drum,Larimus fasciatus,1989,Gulf of Mexico,28.9454456517343,-94.1946243223626,36.0442898119154
Banded drum,Larimus fasciatus,1990,Gulf of Mexico,28.7204103836796,-94.3549240949679,45.7186030769106
Banded drum,Larimus fasciatus,1991,Gulf of Mexico,28.2857433676631,-95.1762433253487,51.2063452566806
Banded drum,Larimus fasciatus,1992,Gulf of Mexico,27.1980404281686,-96.4967904497653,43.0035200676846
Banded drum,Larimus fasciatus,1993,Gulf of Mexico,28.9544529072157,-94.2208729661712,36.0326160223415
Banded drum,Larimus fasciatus,1994,Gulf of Mexico,28.0957123031747,-95.7167700269033,50.3594727411242
Banded drum,Larimus fasciatus,1995,Gulf of Mexico,27.2638161841173,-96.1972931824537,43.3380337223657
Banded drum,Larimus fasciatus,1996,Gulf of Mexico,28.3152468622182,-95.4894692136874,53.17378660442
Banded drum,Larimus fasciatus,1997,Gulf of Mexico,27.6831064062932,-96.3517879460163,46.8474592778591
Banded drum,Larimus fasciatus,1998,Gulf of Mexico,28.2304762294211,-95.2317222376308,43.8983614038397
Banded drum,Larimus fasciatus,1999,Gulf of Mexico,28.2280412451343,-95.3624416283218,44.0099665493764
Banded drum,Larimus fasciatus,2000,Gulf of Mexico,28.8187805822174,-93.5171906247437,38.1735926527349
Banded drum,Larimus fasciatus,2001,Gulf of Mexico,28.1956070733566,-94.3599070220165,51.1467702564685
Banded drum,Larimus fasciatus,2002,Gulf of Mexico,27.1657306931627,-96.7491697638126,46.4106309392036
Banded drum,Larimus fasciatus,2003,Gulf of Mexico,28.3218512435989,-93.7144372573958,48.6254715420715
Banded drum,Larimus fasciatus,2004,Gulf of Mexico,28.1068290359527,-93.7925379954378,45.5164222379087
Banded drum,Larimus fasciatus,2005,Gulf of Mexico,28.591638086129,-93.0983451340184,51.4928394829648
Banded drum,Larimus fasciatus,2006,Gulf of Mexico,28.3526164498252,-95.4047964072789,39.9044944268235
Banded drum,Larimus fasciatus,2007,Gulf of Mexico,28.5762584188714,-94.3155193050413,45.1143379248072
Banded drum,Larimus fasciatus,2008,Gulf of Mexico,28.6116741235834,-93.675904040342,54.1774321758749
Banded drum,Larimus fasciatus,2009,Gulf of Mexico,28.7465108666974,-93.5037009266144,53.039060119625
Banded drum,Larimus fasciatus,2010,Gulf of Mexico,28.6178771880036,-92.6635325188257,49.9369763231314
Banded drum,Larimus fasciatus,2011,Gulf of Mexico,28.5352363564903,-93.9927889217365,56.4435164832988
Banded drum,Larimus fasciatus,2012,Gulf of Mexico,28.5779983285821,-94.0259894389143,51.2648071500468
Banded drum,Larimus fasciatus,2013,Gulf of Mexico,28.682300488914,-92.0873599382112,51.969877250316
Banded drum,Larimus fasciatus,2014,Gulf of Mexico,28.6378454086681,-93.5641803083404,59.1310425360438
Banded drum,Larimus fasciatus,2015,Gulf of Mexico,28.7211358644487,-93.6489008227378,50.9128697240015
Banded drum,Larimus fasciatus,2016,Gulf of Mexico,28.6896662898149,-91.860965975445,56.4072198468285
Banded drum,Larimus fasciatus,2017,Gulf of Mexico,28.7149585123801,-93.6625137159021,48.4506247146026
Banded drum,Larimus fasciatus,2018,Gulf of Mexico,28.5326815291833,-92.8988314704834,82.251618951395
Banded drum,Larimus fasciatus,2019,Gulf of Mexico,28.904429300171,-93.2154521046611,40.0608543216463
Banded drum,Larimus fasciatus,1974,Northeast US Fall,35.549450840708,-75.3115038230088,26.716814159292
Banded drum,Larimus fasciatus,1975,Northeast US Fall,35.549450840708,-75.3115038230088,26.716814159292
Banded drum,Larimus fasciatus,1976,Northeast US Fall,,,
Guachanche barracuda,Sphyraena guachancho,1985,Gulf of Mexico,27.3316750902527,-97.1630857400722,38.6398371119134
Guachanche barracuda,Sphyraena guachancho,1986,Gulf of Mexico,29.5961093534666,-88.7358077670519,52.9263282650521
Guachanche barracuda,Sphyraena guachancho,1987,Gulf of Mexico,28.7236100531614,-91.5814358315817,55.351313886327
Guachanche barracuda,Sphyraena guachancho,1988,Gulf of Mexico,28.7849086582596,-92.5506337824772,52.6996955997086
Guachanche barracuda,Sphyraena guachancho,1989,Gulf of Mexico,28.5108244483691,-92.1600963165712,52.1459797729354
Guachanche barracuda,Sphyraena guachancho,1990,Gulf of Mexico,28.4489944488941,-92.9900952860167,61.5161569469917
Guachanche barracuda,Sphyraena guachancho,1991,Gulf of Mexico,28.6299696374106,-92.4694389098317,56.8682534164425
Guachanche barracuda,Sphyraena guachancho,1992,Gulf of Mexico,28.908938388749,-91.2146075506773,61.897356313
Guachanche barracuda,Sphyraena guachancho,1993,Gulf of Mexico,28.8619238850244,-91.5806825070737,59.5165980005058
Guachanche barracuda,Sphyraena guachancho,1994,Gulf of Mexico,28.7753771610084,-91.2908776435177,55.9623614691575
Guachanche barracuda,Sphyraena guachancho,1995,Gulf of Mexico,28.7939725438081,-91.6762295687974,59.0235921493681
Guachanche barracuda,Sphyraena guachancho,1996,Gulf of Mexico,28.6050580532984,-92.5751277434731,61.9486717124963
Guachanche barracuda,Sphyraena guachancho,1997,Gulf of Mexico,28.4966080820722,-93.9881903278331,58.7714605280159
Guachanche barracuda,Sphyraena guachancho,1998,Gulf of Mexico,29.0931372939838,-91.7058120154911,56.7431302724781
Guachanche barracuda,Sphyraena guachancho,1999,Gulf of Mexico,28.9003645344868,-93.5694053016127,42.4680529033866
Guachanche barracuda,Sphyraena guachancho,2000,Gulf of Mexico,28.0189274188185,-95.0661464054933,60.0579211789026
Guachanche barracuda,Sphyraena guachancho,2001,Gulf of Mexico,28.5450659647747,-92.670994693236,76.1479207534023
Guachanche barracuda,Sphyraena guachancho,2002,Gulf of Mexico,28.3294376514449,-94.1381416912677,59.617132256521
Guachanche barracuda,Sphyraena guachancho,2003,Gulf of Mexico,28.989811133527,-90.6862498682575,56.9966029475117
Guachanche barracuda,Sphyraena guachancho,2004,Gulf of Mexico,28.7148133948301,-92.4231845594059,64.1383263911837
Guachanche barracuda,Sphyraena guachancho,2005,Gulf of Mexico,28.938824857869,-91.5314080588921,54.4820023733361
Guachanche barracuda,Sphyraena guachancho,2006,Gulf of Mexico,28.8272198837086,-92.7839847879001,54.4922088772026
Guachanche barracuda,Sphyraena guachancho,2007,Gulf of Mexico,28.283649640821,-95.025325726771,61.3663605962355
Guachanche barracuda,Sphyraena guachancho,2008,Gulf of Mexico,28.6761434279781,-92.0045474672178,61.7918841421446
Guachanche barracuda,Sphyraena guachancho,2009,Gulf of Mexico,28.723889470323,-93.1099990092417,67.6988323512114
Guachanche barracuda,Sphyraena guachancho,2010,Gulf of Mexico,28.50715980515,-94.1454410230987,63.6218501955762
Guachanche barracuda,Sphyraena guachancho,2011,Gulf of Mexico,28.5884203716763,-94.2597628242957,60.5367246349433
Guachanche barracuda,Sphyraena guachancho,2012,Gulf of Mexico,28.4268130024268,-94.9770211352753,49.4610217693374
Guachanche barracuda,Sphyraena guachancho,2013,Gulf of Mexico,28.4393548102445,-94.5992471772839,68.4125727995882
Guachanche barracuda,Sphyraena guachancho,2014,Gulf of Mexico,28.6256534361436,-93.4457484256963,61.5599486984926
Guachanche barracuda,Sphyraena guachancho,2015,Gulf of Mexico,29.0485802616454,-90.9992105415474,54.7168589886313
Guachanche barracuda,Sphyraena guachancho,2016,Gulf of Mexico,28.3096908507116,-95.0249651768475,54.4334207000501
Guachanche barracuda,Sphyraena guachancho,2017,Gulf of Mexico,28.5386242470881,-93.9654298149034,69.7761865549026
Guachanche barracuda,Sphyraena guachancho,2018,Gulf of Mexico,28.039567501143,-92.3323203351367,96.919486215846
Guachanche barracuda,Sphyraena guachancho,2019,Gulf of Mexico,26.514893902439,-96.5849463414634,132.767311609756
American lobster,Homarus americanus,1971,Maritimes Summer,43.6478229892265,-61.4199989068177,115.71078389437
American lobster,Homarus americanus,1972,Maritimes Summer,43.366380005672,-65.8257047701253,157.564961450704
American lobster,Homarus americanus,1973,Maritimes Summer,43.2098829137148,-64.1286224992509,137.883772884341
American lobster,Homarus americanus,1974,Maritimes Summer,45.0475686505661,-66.1303054148303,69.5338962490178
American lobster,Homarus americanus,1974,Northeast US Fall,41.2772761752566,-68.951130723206,92.4822427330703
American lobster,Homarus americanus,1974,Northeast US Spring,41.3604233569072,-69.3603988112005,160.726816262191
American lobster,Homarus americanus,1975,Maritimes Summer,43.021190283568,-66.0473036808499,132.408227376912
American lobster,Homarus americanus,1975,Northeast US Fall,41.1262088121089,-69.3214668215195,102.130817643901
American lobster,Homarus americanus,1976,Maritimes Summer,,,
American lobster,Homarus americanus,1976,Northeast US Fall,41.4050243445346,-68.747814201196,116.798728291547
American lobster,Homarus americanus,1976,Northeast US Spring,41.5361913997282,-68.9023731884469,130.725795376645
American lobster,Homarus americanus,1977,Maritimes Summer,43.7303262798509,-63.5094367509053,131.919045033296
American lobster,Homarus americanus,1977,Northeast US Fall,41.5263888124083,-68.7909099691783,112.758744562805
American lobster,Homarus americanus,1977,Northeast US Spring,41.536291340573,-68.986974311119,150.466029196963
American lobster,Homarus americanus,1978,Maritimes Summer,42.8605616812163,-65.5102765135299,128.503181573058
American lobster,Homarus americanus,1978,Northeast US Fall,41.4264191700623,-68.7406949593815,124.052170716283
American lobster,Homarus americanus,1978,Northeast US Spring,41.3844928555489,-69.3453940792395,150.15310868996
American lobster,Homarus americanus,1979,Maritimes Summer,43.1183876028439,-65.9001301465268,152.116652448244
American lobster,Homarus americanus,1979,Northeast US Fall,41.4321414199797,-68.4476481381071,112.446087021689
American lobster,Homarus americanus,1979,Northeast US Spring,41.5501676468358,-68.2860595064473,122.303533354467
American lobster,Homarus americanus,1980,Maritimes Summer,43.8107840046547,-65.2324182469,187.871514581337
American lobster,Homarus americanus,1980,Northeast US Fall,41.5659159730084,-68.2258574990148,114.085241798082
American lobster,Homarus americanus,1980,Northeast US Spring,41.2857840946118,-69.1498086766007,129.49187484757
American lobster,Homarus americanus,1981,Maritimes Summer,44.0564067911363,-66.4014921078216,116.294019781812
American lobster,Homarus americanus,1981,Northeast US Fall,41.0001471791122,-69.3362861311311,89.1491894494998
American lobster,Homarus americanus,1981,Northeast US Spring,41.9679367179349,-68.406140115199,174.887815264181
American lobster,Homarus americanus,1982,Maritimes Summer,43.9469654830035,-65.896237795054,133.005534184275
American lobster,Homarus americanus,1982,Northeast US Fall,41.0181799109853,-69.4835595256394,87.8840153196477
American lobster,Homarus americanus,1982,Northeast US Spring,41.5712997513269,-69.3266330132528,134.89962330377
American lobster,Homarus americanus,1983,Maritimes Summer,44.6753033708498,-64.6953075809881,83.1336239349659
American lobster,Homarus americanus,1983,Northeast US Fall,41.3427775229006,-69.0600948712582,88.2596560341401
American lobster,Homarus americanus,1983,Northeast US Spring,41.6365045102023,-69.1977699601991,116.407433418338
American lobster,Homarus americanus,1984,Maritimes Summer,42.9009876987376,-64.4108212760328,104.871152223034
American lobster,Homarus americanus,1984,Northeast US Fall,41.3491910028359,-69.1531071223887,102.809348699319
American lobster,Homarus americanus,1984,Northeast US Spring,42.0214998993816,-68.4693062630479,174.075663871046
American lobster,Homarus americanus,1985,Maritimes Summer,43.4051456021329,-62.9811004108748,117.449596494661
American lobster,Homarus americanus,1985,Northeast US Fall,41.6602301579456,-69.1375590259851,109.841505326257
American lobster,Homarus americanus,1985,Northeast US Spring,41.8059809376282,-68.9248920879068,156.489184219576
American lobster,Homarus americanus,1986,Maritimes Summer,43.5225722984937,-62.725767314705,133.164491465195
American lobster,Homarus americanus,1986,Northeast US Fall,41.5451681695927,-68.8012338817704,112.70665961909
American lobster,Homarus americanus,1986,Northeast US Spring,41.6838031679168,-69.0823120492587,142.355953079412
American lobster,Homarus americanus,1987,Maritimes Summer,43.2067155540198,-64.8599632853893,148.723568634704
American lobster,Homarus americanus,1987,Northeast US Fall,41.4773354278162,-68.9961956378555,92.2817597787644
American lobster,Homarus americanus,1987,Northeast US Spring,42.1859380307482,-68.90981843253,155.981585729513
American lobster,Homarus americanus,1988,Maritimes Summer,43.4411550084286,-65.1526658054275,121.008631338729
American lobster,Homarus americanus,1988,Northeast US Fall,41.3686375434431,-68.688902861882,83.3068683547748
American lobster,Homarus americanus,1988,Northeast US Spring,40.7871001681867,-70.202634524754,101.624296067857
American lobster,Homarus americanus,1989,Maritimes Summer,43.0599304822885,-65.6586377002319,116.149384997785
American lobster,Homarus americanus,1989,Northeast US Fall,41.3976213794538,-68.7206435189125,89.5542713604569
American lobster,Homarus americanus,1989,Northeast US Spring,41.9348621308033,-69.0702315950064,139.944091072748
American lobster,Homarus americanus,1990,Maritimes Summer,43.2108716410528,-64.1101167167499,150.220894793766
American lobster,Homarus americanus,1990,Northeast US Fall,41.3690284474353,-69.5266860476503,89.3644050576364
American lobster,Homarus americanus,1990,Northeast US Spring,41.7491801436366,-69.4654377778527,129.782137694349
American lobster,Homarus americanus,1991,Maritimes Summer,43.7893830441743,-60.7351652682391,131.918246817673
American lobster,Homarus americanus,1991,Northeast US Fall,41.4375964250051,-69.5006899738834,91.2614004418695
American lobster,Homarus americanus,1991,Northeast US Spring,41.9237468502593,-69.2050933374799,136.820529530324
American lobster,Homarus americanus,1992,Maritimes Summer,43.4052660233756,-64.0048236916396,96.077978968817
American lobster,Homarus americanus,1992,Northeast US Fall,41.2339365270484,-69.3100962303461,82.3127285784351
American lobster,Homarus americanus,1992,Northeast US Spring,41.824500545845,-69.1530444304429,143.281332249691
American lobster,Homarus americanus,1993,Maritimes Summer,43.3776225964943,-64.1068252913418,132.776881264735
American lobster,Homarus americanus,1993,Northeast US Fall,41.5017760285437,-69.0478805316657,108.192947087822
American lobster,Homarus americanus,1993,Northeast US Spring,41.7249044544504,-69.3767547535681,116.926816657768
American lobster,Homarus americanus,1994,Maritimes Summer,42.8398986263399,-65.9908563434907,147.938697665734
American lobster,Homarus americanus,1994,Northeast US Fall,41.7147990435059,-69.0468985914275,94.2940468029626
American lobster,Homarus americanus,1994,Northeast US Spring,42.0907330891016,-69.1259822659067,146.373144582268
American lobster,Homarus americanus,1995,Maritimes Summer,42.9678306783887,-65.6864796091245,131.321792917055
American lobster,Homarus americanus,1995,Northeast US Fall,42.1924857356763,-68.854863155798,91.1157949964323
American lobster,Homarus americanus,1995,Northeast US Spring,42.4216322258878,-68.1358106754737,131.593124444355
American lobster,Homarus americanus,1996,Maritimes Summer,43.8722330975416,-66.2322111486708,143.783897099759
American lobster,Homarus americanus,1996,Northeast US Fall,41.4866570357592,-69.5843802287633,92.2049230687692
American lobster,Homarus americanus,1996,Northeast US Spring,42.2283018759198,-68.9442015445196,135.222652304737
American lobster,Homarus americanus,1997,Maritimes Summer,43.1096509861438,-65.9783379364109,120.039150336518
American lobster,Homarus americanus,1997,Northeast US Fall,41.8174092920049,-69.0248895508536,94.2703605724451
American lobster,Homarus americanus,1997,Northeast US Spring,41.9574947264373,-69.5193930686077,149.008196027159
American lobster,Homarus americanus,1998,Maritimes Summer,43.0953379350452,-65.6551037757658,127.867172508843
American lobster,Homarus americanus,1998,Northeast US Fall,41.8426506352894,-68.8065904531866,98.4761324031053
American lobster,Homarus americanus,1998,Northeast US Spring,42.3479328958439,-69.1607847641508,133.024134611386
American lobster,Homarus americanus,1999,Maritimes Summer,42.8969861209944,-65.7292032220091,126.799585199207
American lobster,Homarus americanus,1999,Northeast US Fall,42.2675833596845,-68.5687849479972,107.08101936609
American lobster,Homarus americanus,1999,Northeast US Spring,41.4440947404571,-70.2364496976236,105.595265025602
American lobster,Homarus americanus,2000,Maritimes Summer,43.370184083071,-64.70388842241,126.72701165702
American lobster,Homarus americanus,2000,Northeast US Fall,41.9108995952699,-69.0926502642516,89.8766322537243
American lobster,Homarus americanus,2000,Northeast US Spring,42.4840355171071,-68.6507924503994,143.114028166024
American lobster,Homarus americanus,2001,Maritimes Summer,43.6141940337836,-66.2259216879794,139.39703520549
American lobster,Homarus americanus,2001,Northeast US Fall,41.9233130612684,-68.3893309421601,99.3955649881916
American lobster,Homarus americanus,2001,Northeast US Spring,42.2926119685695,-68.5241010485503,148.773817177321
American lobster,Homarus americanus,2002,Maritimes Summer,43.5462682445673,-63.0325217677279,120.624294976545
American lobster,Homarus americanus,2002,Northeast US Fall,42.3860376491815,-68.3369497943697,116.939011390755
American lobster,Homarus americanus,2002,Northeast US Spring,42.0044690569968,-69.4945508074861,129.124050292893
American lobster,Homarus americanus,2004,Maritimes Summer,43.5526658461354,-65.1459441147205,136.495897262654
American lobster,Homarus americanus,2004,Northeast US Fall,42.4347309766869,-68.4856093263886,104.424064453945
American lobster,Homarus americanus,2004,Northeast US Spring,42.1570416036833,-68.2236088361707,162.115146960365
American lobster,Homarus americanus,2005,Maritimes Summer,43.1158044041404,-64.7793971474283,128.744789413116
American lobster,Homarus americanus,2005,Northeast US Fall,41.6961448004155,-68.9081315837524,111.845468999703
American lobster,Homarus americanus,2005,Northeast US Spring,42.3154995081228,-68.5848250759863,165.004405217938
American lobster,Homarus americanus,2006,Maritimes Summer,43.1598829436744,-63.9460887415684,124.930585128235
American lobster,Homarus americanus,2006,Northeast US Fall,41.9868992452865,-68.2375782730453,109.343087208358
American lobster,Homarus americanus,2006,Northeast US Spring,42.3688650917567,-68.4515957191208,155.881546851541
American lobster,Homarus americanus,2007,Maritimes Summer,42.9574883512625,-65.4675235846474,127.876692951818
American lobster,Homarus americanus,2007,Northeast US Fall,41.8855795694791,-68.3240634257529,111.166422807564
American lobster,Homarus americanus,2007,Northeast US Spring,42.3783882739335,-68.2388884076805,154.627090644287
American lobster,Homarus americanus,2008,Maritimes Summer,43.3352321015224,-64.8559132843246,150.912231014042
American lobster,Homarus americanus,2008,Northeast US Fall,41.8592737621157,-68.0316906564682,90.3232694842423
American lobster,Homarus americanus,2008,Northeast US Spring,42.2163365716769,-67.9537139818015,152.248792120758
American lobster,Homarus americanus,2009,Maritimes Summer,43.4430486193462,-64.3499604102435,120.583991063259
American lobster,Homarus americanus,2009,Northeast US Fall,42.1389551772423,-68.341240183896,115.551024716829
American lobster,Homarus americanus,2009,Northeast US Spring,42.4547758669715,-68.2114764360084,162.224864128108
American lobster,Homarus americanus,2010,Maritimes Summer,43.3213328999306,-64.7080428236511,123.43940827641
American lobster,Homarus americanus,2010,Northeast US Fall,42.5847289822894,-68.3900023503288,134.850474139617
American lobster,Homarus americanus,2010,Northeast US Spring,42.4896897066606,-68.3946975447933,158.632316439428
American lobster,Homarus americanus,2011,Maritimes Summer,43.6489412813377,-64.363138548229,116.776233786525
American lobster,Homarus americanus,2011,Northeast US Fall,42.3810507801583,-67.9838153453905,112.296352167643
American lobster,Homarus americanus,2011,Northeast US Spring,42.7279482787395,-68.3976775573115,138.797826858599
American lobster,Homarus americanus,2012,Maritimes Summer,43.8605570951626,-64.9945249386847,112.111560041748
American lobster,Homarus americanus,2012,Northeast US Fall,42.2873441152119,-68.7211586037001,118.511865739655
American lobster,Homarus americanus,2012,Northeast US Spring,42.7254730194253,-68.5040263045534,147.811103965275
American lobster,Homarus americanus,2013,Maritimes Summer,43.8913942876537,-64.5714615497738,111.71283386468
American lobster,Homarus americanus,2013,Northeast US Fall,42.8682467735019,-68.3540905932042,124.420815453539
American lobster,Homarus americanus,2013,Northeast US Spring,42.244174141377,-68.5913846585264,129.480815703832
American lobster,Homarus americanus,2014,Maritimes Summer,43.3983481452138,-64.8216334683717,101.75324936393
American lobster,Homarus americanus,2014,Northeast US Fall,43.00891288633,-68.3057464879191,125.28608764884
American lobster,Homarus americanus,2015,Maritimes Summer,43.7010423173522,-64.8592484074829,113.162243796825
American lobster,Homarus americanus,2015,Northeast US Fall,42.7836629418792,-68.1423604072904,119.180085372752
American lobster,Homarus americanus,2015,Northeast US Spring,42.665300991864,-68.6243879920696,143.887183959173
American lobster,Homarus americanus,2016,Maritimes Summer,43.7474281059816,-65.853562493688,123.857876874794
American lobster,Homarus americanus,2016,Northeast US Fall,42.8494727493744,-68.3776068372405,128.285008325786
American lobster,Homarus americanus,2016,Northeast US Spring,42.641959516928,-68.2869681083223,148.02408356797
American lobster,Homarus americanus,2017,Maritimes Summer,43.637313532725,-64.7661193489707,116.552296672449
American lobster,Homarus americanus,2017,Northeast US Spring,42.4675660770905,-67.8021208205751,145.241311553614
American lobster,Homarus americanus,2018,Northeast US Fall,42.2153445870629,-67.6880247437055,98.8474125089489
American lobster,Homarus americanus,2018,Northeast US Spring,42.9274369654711,-68.0510097839834,148.542220004592
American lobster,Homarus americanus,2019,Maritimes Summer,43.3291085127906,-65.4254903011402,119.273535062327
American lobster,Homarus americanus,2019,Northeast US Fall,42.4997698561348,-68.3707402621883,116.707140940292
American lobster,Homarus americanus,2019,Northeast US Spring,42.7846060255472,-68.1103226702089,168.052581856738
American lobster,Homarus americanus,2003,Northeast US Fall,41.94583681531,-68.6095227667283,103.293483985593
American lobster,Homarus americanus,2003,Northeast US Spring,42.3907092771994,-68.1456820622291,171.868272361093
Red hake,Urophycis chuss,1974,Northeast US Fall,41.6071856725594,-68.7756952006507,108.24901048281
Red hake,Urophycis chuss,1974,Northeast US Spring,41.0197825311035,-70.5695307798587,104.619902749099
Red hake,Urophycis chuss,1975,Northeast US Fall,41.2354935594175,-68.4541038359212,103.485954933258
Red hake,Urophycis chuss,1977,Northeast US Fall,41.4063461184791,-69.5026378436791,97.3778557622621
Red hake,Urophycis chuss,1977,Northeast US Spring,40.5646224997644,-71.0983887612257,109.140986510841
Red hake,Urophycis chuss,1978,Northeast US Fall,41.3707058157123,-69.2637159328581,100.278231343797
Red hake,Urophycis chuss,1978,Northeast US Spring,40.1200026374533,-71.6603676577566,104.266187385596
Red hake,Urophycis chuss,1979,Northeast US Fall,41.083742051056,-70.0691632360988,109.899011534919
Red hake,Urophycis chuss,1979,Northeast US Spring,41.2668247506998,-70.1464194102955,118.238213235381
Red hake,Urophycis chuss,1980,Northeast US Fall,41.1358979964272,-70.3003987089837,94.9516599301607
Red hake,Urophycis chuss,1980,Northeast US Spring,41.2404959276753,-70.070139546221,119.494320466535
Red hake,Urophycis chuss,1981,Northeast US Fall,41.4951554573999,-69.5652505997008,102.245776618139
Red hake,Urophycis chuss,1981,Northeast US Spring,41.3052655746461,-69.8802669555226,114.726712517801
Red hake,Urophycis chuss,1982,Northeast US Fall,40.9191516267315,-69.8751120588346,85.4792365464836
Red hake,Urophycis chuss,1982,Northeast US Spring,39.9429373577106,-71.9598877804596,92.6190380040445
Red hake,Urophycis chuss,1983,Northeast US Fall,41.206267406389,-70.0012027274126,92.3624903789331
Red hake,Urophycis chuss,1983,Northeast US Spring,41.2199169933274,-70.098814540812,117.443202335196
Red hake,Urophycis chuss,1984,Northeast US Fall,41.6844273485535,-69.8195034017486,110.056982229472
Red hake,Urophycis chuss,1984,Northeast US Spring,41.4165648632759,-70.1706367944154,129.103213245315
Red hake,Urophycis chuss,1985,Northeast US Fall,41.5446906740723,-69.7056392242839,125.187098479287
Red hake,Urophycis chuss,1985,Northeast US Spring,41.8260024076493,-69.4516352605822,155.431487384163
Red hake,Urophycis chuss,1986,Northeast US Fall,41.8289532091728,-68.9551668161673,123.327738428455
Red hake,Urophycis chuss,1986,Northeast US Spring,41.5530623132773,-68.2648087007547,118.966771208701
Red hake,Urophycis chuss,1987,Northeast US Fall,41.5456168214447,-69.8670474841303,109.176841106012
Red hake,Urophycis chuss,1987,Northeast US Spring,41.5377568916472,-69.6465936670054,132.141387556209
Red hake,Urophycis chuss,1988,Northeast US Fall,41.5546571405629,-69.6616774184813,108.045281253922
Red hake,Urophycis chuss,1988,Northeast US Spring,41.6185289128323,-69.6794391313846,136.323836071022
Red hake,Urophycis chuss,1989,Northeast US Fall,41.5486387014608,-69.0662324076156,105.974163225494
Red hake,Urophycis chuss,1989,Northeast US Spring,42.2569057314611,-68.6105178267346,174.297352076361
Red hake,Urophycis chuss,1990,Northeast US Fall,41.6774146374623,-69.3645765116869,108.821185458961
Red hake,Urophycis chuss,1990,Northeast US Spring,41.186807381266,-69.9061227166174,136.556707823008
Red hake,Urophycis chuss,1991,Northeast US Fall,41.3476172394955,-69.7778685935926,108.146183818641
Red hake,Urophycis chuss,1991,Northeast US Spring,41.6089213462397,-69.2859857689087,147.419679197278
Red hake,Urophycis chuss,1992,Northeast US Fall,41.7125722550241,-68.9632277946683,113.110638875892
Red hake,Urophycis chuss,1992,Northeast US Spring,41.8992429440638,-69.1217798384396,163.136461798759
Red hake,Urophycis chuss,1993,Northeast US Fall,41.5381901719774,-68.7194621935777,105.279552081006
Red hake,Urophycis chuss,1993,Northeast US Spring,42.1690752460214,-69.0777420548069,163.864076341752
Red hake,Urophycis chuss,1994,Northeast US Fall,41.4517290977249,-69.5393285320025,102.053658805884
Red hake,Urophycis chuss,1994,Northeast US Spring,41.513421303435,-69.2981871892725,132.176368262313
Red hake,Urophycis chuss,1995,Northeast US Fall,42.0298967109167,-68.9150311941902,134.566385045466
Red hake,Urophycis chuss,1995,Northeast US Spring,41.9087652681327,-68.718278591251,154.444678591003
Red hake,Urophycis chuss,1996,Northeast US Fall,41.9450353849337,-69.2415610095524,121.843511226512
Red hake,Urophycis chuss,1996,Northeast US Spring,41.9779909346815,-68.5423247495162,163.344986010116
Red hake,Urophycis chuss,1997,Northeast US Fall,41.845048078366,-69.6143213851854,129.403500898461
Red hake,Urophycis chuss,1997,Northeast US Spring,41.5329465081104,-68.6786725320908,136.438379029908
Red hake,Urophycis chuss,1998,Northeast US Fall,42.0022769846618,-68.7894499866289,131.714437812362
Red hake,Urophycis chuss,1998,Northeast US Spring,42.2684481813206,-69.0374186344572,171.024414423179
Red hake,Urophycis chuss,1999,Northeast US Fall,41.9414649424707,-69.2379088074862,134.866742285622
Red hake,Urophycis chuss,1999,Northeast US Spring,42.0896625812143,-69.0845850254838,135.875019472278
Red hake,Urophycis chuss,2000,Northeast US Fall,42.0597907095416,-68.8969332782047,130.351224100521
Red hake,Urophycis chuss,2000,Northeast US Spring,42.23102191918,-68.5187043363854,162.236969289263
Red hake,Urophycis chuss,2001,Northeast US Fall,42.0208650023821,-69.0217439667378,140.422547141407
Red hake,Urophycis chuss,2001,Northeast US Spring,41.9310342613955,-69.5966780367906,151.632626912015
Red hake,Urophycis chuss,2002,Northeast US Fall,42.0135865512526,-69.1707464610803,132.267111978374
Red hake,Urophycis chuss,2002,Northeast US Spring,42.0484991809452,-68.6877499353124,153.664589012393
Red hake,Urophycis chuss,2003,Northeast US Fall,41.895170419634,-69.0208796934563,129.523151372815
Red hake,Urophycis chuss,2003,Northeast US Spring,42.1003773685892,-68.4235893140009,187.433232834894
Red hake,Urophycis chuss,2004,Northeast US Fall,41.8252961633245,-69.065110761571,136.229784239796
Red hake,Urophycis chuss,2004,Northeast US Spring,42.3116788060791,-68.8700522057152,168.52484739751
Red hake,Urophycis chuss,2005,Northeast US Fall,41.4276387534055,-69.1786684346637,111.606083071042
Red hake,Urophycis chuss,2005,Northeast US Spring,41.9427244596077,-68.4391179383537,174.683797552271
Red hake,Urophycis chuss,2006,Northeast US Fall,41.6860510737212,-68.6270963304993,122.200093002063
Red hake,Urophycis chuss,2006,Northeast US Spring,41.4007142387601,-69.819711665814,129.984758422775
Red hake,Urophycis chuss,2007,Northeast US Fall,41.9936329344954,-68.5736549624747,125.223712291573
Red hake,Urophycis chuss,2007,Northeast US Spring,41.7520279926812,-68.5282529722865,173.175694616598
Red hake,Urophycis chuss,2008,Northeast US Fall,41.6564570310609,-69.3544199876983,125.120232469843
Red hake,Urophycis chuss,2008,Northeast US Spring,42.2506004801048,-69.1714919833094,161.119696414378
Red hake,Urophycis chuss,2009,Northeast US Fall,41.7155948460525,-68.6134880569115,117.304619139656
Red hake,Urophycis chuss,2009,Northeast US Spring,41.6227979277678,-68.0284331781508,169.336177208308
Red hake,Urophycis chuss,2010,Northeast US Fall,41.3615303438197,-69.2994784421022,132.818393703011
Red hake,Urophycis chuss,2010,Northeast US Spring,41.9659625960752,-68.4592904062382,170.203509025163
Red hake,Urophycis chuss,2011,Northeast US Fall,41.8691483820567,-68.5951166003996,135.025632729866
Red hake,Urophycis chuss,2011,Northeast US Spring,41.6211980490284,-68.1094927351416,165.227622795073
Red hake,Urophycis chuss,2012,Northeast US Fall,41.8123120358949,-69.0201248378799,129.046353403023
Red hake,Urophycis chuss,2012,Northeast US Spring,41.651506929873,-68.9649274450738,162.941343364477
Red hake,Urophycis chuss,2013,Northeast US Fall,41.9913552333013,-68.5101260219565,140.247488638293
Red hake,Urophycis chuss,2013,Northeast US Spring,41.9941041542873,-67.905173037365,180.258652074165
Red hake,Urophycis chuss,2014,Northeast US Fall,42.1685446731047,-69.1286572594136,143.886586632942
Red hake,Urophycis chuss,2015,Northeast US Fall,42.2335539817642,-68.6695166302775,150.96791046159
Red hake,Urophycis chuss,2015,Northeast US Spring,42.2410793861957,-68.353586544187,182.288829662675
Red hake,Urophycis chuss,2016,Northeast US Fall,42.0531660971297,-68.8957503337555,145.698132526104
Red hake,Urophycis chuss,2016,Northeast US Spring,42.1988365992765,-68.7844738382106,163.35207881343
Red hake,Urophycis chuss,2017,Northeast US Spring,42.3852214200106,-68.5724236110217,176.346549832388
Red hake,Urophycis chuss,2019,Northeast US Fall,42.0531362916695,-68.9623203754475,132.414402005679
Red hake,Urophycis chuss,2019,Northeast US Spring,42.1713713266192,-68.7850583225152,166.674939000555
Red hake,Urophycis chuss,1976,Northeast US Spring,40.6662538437652,-70.9419568033304,100.277457908267
Red hake,Urophycis chuss,2018,Northeast US Spring,42.4204828319648,-68.3315274700502,189.113118801414
Black sea bass,Centropristis striata,1974,Northeast US Spring,38.0977869071832,-74.1903873930352,59.8823294341288
Black sea bass,Centropristis striata,1976,Northeast US Spring,37.9566214861859,-73.9953380025381,70.4040413139871
Black sea bass,Centropristis striata,1977,Northeast US Spring,37.2359495123259,-74.628684431071,72.0833076158023
Black sea bass,Centropristis striata,1978,Northeast US Spring,36.9054417865535,-74.8327873727366,74.3934479996289
Black sea bass,Centropristis striata,1979,Northeast US Spring,37.3202294682598,-74.5632724585822,78.9586251782734
Black sea bass,Centropristis striata,1980,Northeast US Spring,37.462499376421,-74.418250554134,76.7952818877569
Black sea bass,Centropristis striata,1981,Northeast US Spring,37.5474388292182,-74.1191360110828,91.9149273747165
Black sea bass,Centropristis striata,1982,Northeast US Spring,37.3363713752384,-74.4046960938551,110.805812286371
Black sea bass,Centropristis striata,1983,Northeast US Spring,38.7877602767357,-73.2976464721298,80.4584826535191
Black sea bass,Centropristis striata,1984,Northeast US Spring,36.8992097370214,-74.6584236297798,58.7647684764122
Black sea bass,Centropristis striata,1985,Northeast US Spring,37.8579958051021,-73.8045520804682,90.4297170751158
Black sea bass,Centropristis striata,1986,Northeast US Spring,39.5865959799425,-72.5455265301858,73.7138927625263
Black sea bass,Centropristis striata,1987,Northeast US Spring,38.3820065548359,-73.7479581047106,87.9900773556765
Black sea bass,Centropristis striata,1988,Northeast US Spring,37.5745117113392,-74.4441152910826,71.400404113106
Black sea bass,Centropristis striata,1989,Northeast US Spring,36.9594271173139,-74.6458103097023,75.6985497647213
Black sea bass,Centropristis striata,1989,Southeast US Fall,33.4139508001439,-78.9935158610047,8.6982006300815
Black sea bass,Centropristis striata,1989,Southeast US Spring,33.1849779960164,-79.3258711841039,8.29314653982091
Black sea bass,Centropristis striata,1989,Southeast US Summer,32.3431561696378,-79.259534212236,8.30370684944721
Black sea bass,Centropristis striata,1990,Northeast US Spring,37.6898816374689,-74.0676759366476,72.3768037209697
Black sea bass,Centropristis striata,1990,Southeast US Fall,33.8419337897437,-78.362042934446,8.78552783256525
Black sea bass,Centropristis striata,1990,Southeast US Spring,34.1955100265827,-77.7258629062006,8.50762976232571
Black sea bass,Centropristis striata,1990,Southeast US Summer,34.0133148346747,-78.0034846765002,8.46088311883452
Black sea bass,Centropristis striata,1991,Northeast US Spring,37.9532098593643,-74.4120315091534,53.3407741215366
Black sea bass,Centropristis striata,1991,Southeast US Fall,33.4485629006713,-78.8478921903464,8.36808355846867
Black sea bass,Centropristis striata,1991,Southeast US Spring,33.4876952083156,-78.8875732621236,8.25504727266398
Black sea bass,Centropristis striata,1991,Southeast US Summer,33.5870354647866,-78.7049526111066,8.14580954649586
Black sea bass,Centropristis striata,1992,Northeast US Spring,37.9808563622974,-74.1844006134917,72.209050179897
Black sea bass,Centropristis striata,1992,Southeast US Fall,33.3639247894568,-78.9041614768824,8.44967544182131
Black sea bass,Centropristis striata,1992,Southeast US Spring,33.3770596907069,-78.9416344889683,8.13545188935139
Black sea bass,Centropristis striata,1992,Southeast US Summer,33.5139659049482,-78.8347799144024,8.13241502958743
Black sea bass,Centropristis striata,1993,Northeast US Spring,37.9369373051286,-73.9849854129811,109.819615465104
Black sea bass,Centropristis striata,1993,Southeast US Fall,33.4512457869876,-78.9972579682818,8.43235532264988
Black sea bass,Centropristis striata,1993,Southeast US Spring,33.4241720319327,-78.9538052210456,8.16407863440535
Black sea bass,Centropristis striata,1993,Southeast US Summer,33.8406415526678,-78.1870338454775,8.15201655796022
Black sea bass,Centropristis striata,1994,Northeast US Spring,38.2253512983088,-73.5406317871188,113.573237077295
Black sea bass,Centropristis striata,1994,Southeast US Fall,34.1426360312268,-77.6023057769775,8.67512978820618
Black sea bass,Centropristis striata,1994,Southeast US Spring,33.5623366483834,-78.8087218759961,8.23783114879306
Black sea bass,Centropristis striata,1994,Southeast US Summer,33.6139163140537,-78.6910237983825,8.11311049549863
Black sea bass,Centropristis striata,1995,Northeast US Spring,38.5188497941242,-73.7272279110535,70.0442241685061
Black sea bass,Centropristis striata,1995,Southeast US Fall,33.5055098586678,-78.8866073613699,8.50098999855036
Black sea bass,Centropristis striata,1995,Southeast US Spring,33.5258719018383,-78.8702215412599,8.1791343336044
Black sea bass,Centropristis striata,1995,Southeast US Summer,33.8175137762555,-78.4319033746963,8.24530027055661
Black sea bass,Centropristis striata,1996,Northeast US Spring,37.6746386787552,-74.2312387961922,94.2712150337783
Black sea bass,Centropristis striata,1996,Southeast US Fall,33.7306918519114,-78.5143452396339,8.57696499123911
Black sea bass,Centropristis striata,1996,Southeast US Spring,33.06752,-79.20646,7.94
Black sea bass,Centropristis striata,1996,Southeast US Summer,33.9209096094234,-78.1516466357415,8.42970956320354
Black sea bass,Centropristis striata,1997,Northeast US Spring,38.8138938869687,-73.4476329751093,73.8616951398711
Black sea bass,Centropristis striata,1997,Southeast US Fall,33.651866985572,-78.6100540766221,8.66089891100742
Black sea bass,Centropristis striata,1997,Southeast US Spring,33.7868721840976,-78.4250349755996,8.306437536804
Black sea bass,Centropristis striata,1997,Southeast US Summer,33.4402896294252,-78.8312385386605,8.27483794899405
Black sea bass,Centropristis striata,1998,Northeast US Spring,38.4264979394717,-73.7411413369998,91.231260615616
Black sea bass,Centropristis striata,1998,Southeast US Fall,33.4805673759219,-78.9430111527742,8.44882916427206
Black sea bass,Centropristis striata,1998,Southeast US Spring,33.5660985888784,-78.7774656348487,8.26260161332242
Black sea bass,Centropristis striata,1998,Southeast US Summer,33.7446768197856,-78.5387496956824,8.33759476770972
Black sea bass,Centropristis striata,1999,Northeast US Spring,36.6692973982308,-74.7207591762955,44.1133234729461
Black sea bass,Centropristis striata,1999,Southeast US Fall,33.6301107085729,-78.5950394396151,8.51886583868194
Black sea bass,Centropristis striata,1999,Southeast US Spring,33.5258482546849,-78.8708932042547,8.18391771568663
Black sea bass,Centropristis striata,1999,Southeast US Summer,33.4908011518658,-78.6392886206364,8.11815315195447
Black sea bass,Centropristis striata,2000,Northeast US Spring,37.8508588787559,-74.3439376343218,54.9510437330337
Black sea bass,Centropristis striata,2000,Southeast US Fall,33.4949583953484,-78.892014706387,8.7564008474073
Black sea bass,Centropristis striata,2000,Southeast US Spring,33.8360190520223,-78.3626237410898,8.33098945735941
Black sea bass,Centropristis striata,2000,Southeast US Summer,33.6520517715925,-78.7409490659076,8.3068059781689
Black sea bass,Centropristis striata,2001,Northeast US Spring,38.8392265625279,-73.223457521519,85.7874860513262
Black sea bass,Centropristis striata,2001,Southeast US Fall,33.8050773398283,-78.1640465746043,8.39167939188815
Black sea bass,Centropristis striata,2001,Southeast US Spring,33.8044244000175,-78.5045053341325,8.32728183647996
Black sea bass,Centropristis striata,2001,Southeast US Summer,33.8929601635445,-78.1101715511918,8.24115048560266
Black sea bass,Centropristis striata,2002,Northeast US Spring,38.8569055299673,-73.3280247451494,74.8434159431139
Black sea bass,Centropristis striata,2002,Southeast US Fall,33.8122975661723,-78.2866970076505,8.41818129202886
Black sea bass,Centropristis striata,2002,Southeast US Spring,32.8579169566207,-79.1499781896042,8.03676002781562
Black sea bass,Centropristis striata,2002,Southeast US Summer,33.7960100188548,-78.362091502743,8.30214263426757
Black sea bass,Centropristis striata,2003,Northeast US Spring,38.410901410236,-73.6667304951359,81.060722644386
Black sea bass,Centropristis striata,2003,Southeast US Fall,33.1467986213836,-78.6618244400054,8.58466208859519
Black sea bass,Centropristis striata,2003,Southeast US Spring,33.5030474253976,-78.6931639469619,8.36005678542362
Black sea bass,Centropristis striata,2003,Southeast US Summer,32.617763158668,-78.9759486286247,7.9609319797734
Black sea bass,Centropristis striata,2004,Northeast US Spring,38.4957985259796,-73.4874648985674,105.001713535101
Black sea bass,Centropristis striata,2004,Southeast US Fall,33.2392792138344,-78.7340928392338,8.33240753324613
Black sea bass,Centropristis striata,2004,Southeast US Spring,31.8647176751386,-79.2182127907036,8.11693003970763
Black sea bass,Centropristis striata,2004,Southeast US Summer,33.7297537106032,-78.1351773521296,8.28240536883248
Black sea bass,Centropristis striata,2005,Northeast US Spring,38.5688117762583,-73.5985267206722,78.0108209280463
Black sea bass,Centropristis striata,2005,Southeast US Fall,33.7442391149864,-78.592018423846,8.71453228523787
Black sea bass,Centropristis striata,2005,Southeast US Spring,34.0252953803167,-77.9098486245874,8.36165360113737
Black sea bass,Centropristis striata,2005,Southeast US Summer,33.722971424252,-78.3719097494345,8.02650105337275
Black sea bass,Centropristis striata,2006,Northeast US Spring,38.4340579050948,-73.692834431464,84.3268179645106
Black sea bass,Centropristis striata,2006,Southeast US Fall,33.574370138663,-78.7877359570952,8.53227624459782
Black sea bass,Centropristis striata,2006,Southeast US Spring,33.6310771675182,-78.6125113670066,8.19519831884367
Black sea bass,Centropristis striata,2006,Southeast US Summer,33.8975992151811,-78.1192476830867,8.39053863365602
Black sea bass,Centropristis striata,2007,Northeast US Spring,39.1807119596284,-72.9584748649699,88.2099429641953
Black sea bass,Centropristis striata,2007,Southeast US Fall,34.3594025786671,-77.2746684370735,8.83121200034139
Black sea bass,Centropristis striata,2007,Southeast US Spring,33.4514239722083,-78.9208254783715,8.12592651367693
Black sea bass,Centropristis striata,2007,Southeast US Summer,34.8035782899801,-76.3728403959498,8.36877349222663
Black sea bass,Centropristis striata,2008,Northeast US Spring,39.0952762271742,-73.0907174704939,72.7183486709728
Black sea bass,Centropristis striata,2008,Southeast US Fall,33.8204480731368,-78.4604839441727,8.76786515823952
Black sea bass,Centropristis striata,2008,Southeast US Spring,33.7427019625513,-78.3464434117424,8.35324020116114
Black sea bass,Centropristis striata,2008,Southeast US Summer,34.7747996349308,-76.4971931301592,8.44538303127231
Black sea bass,Centropristis striata,2009,Northeast US Spring,38.9708956507355,-73.1763333472482,76.7806741541685
Black sea bass,Centropristis striata,2009,Southeast US Fall,32.8630120459147,-79.4084927368133,8.44424955656902
Black sea bass,Centropristis striata,2009,Southeast US Spring,33.4603023731433,-78.805138626167,8.32758364100129
Black sea bass,Centropristis striata,2009,Southeast US Summer,33.9124074727602,-78.0814372253838,8.24697623854036
Black sea bass,Centropristis striata,2010,Northeast US Spring,38.7019542047566,-73.1151086204801,114.904760000062
Black sea bass,Centropristis striata,2010,Southeast US Fall,33.5870184974982,-78.6783477994193,8.55374249643643
Black sea bass,Centropristis striata,2010,Southeast US Spring,33.6994507412736,-78.7275276603447,8.29579205192815
Black sea bass,Centropristis striata,2010,Southeast US Summer,33.745187259961,-78.5420446324746,8.36756264759205
Black sea bass,Centropristis striata,2011,Northeast US Spring,38.8033060134845,-73.084920123233,114.366898201646
Black sea bass,Centropristis striata,2011,Southeast US Fall,33.5211755813949,-78.580077186473,8.56007845740045
Black sea bass,Centropristis striata,2011,Southeast US Spring,31.8559115042473,-79.7369861216149,8.1297096153551
Black sea bass,Centropristis striata,2011,Southeast US Summer,33.8966884804965,-77.2840725469965,8.38689884542464
Black sea bass,Centropristis striata,2012,Northeast US Spring,39.1420560147271,-73.0547477192642,82.3016492070632
Black sea bass,Centropristis striata,2012,Southeast US Fall,33.6038612490422,-78.6408747843431,8.74198852581765
Black sea bass,Centropristis striata,2012,Southeast US Spring,33.2690379537896,-78.6150105125737,8.22961889082025
Black sea bass,Centropristis striata,2012,Southeast US Summer,33.8857272578762,-78.1947083459282,8.46055763030105
Black sea bass,Centropristis striata,2013,Northeast US Spring,39.009421507317,-72.9489999163197,82.0591913771971
Black sea bass,Centropristis striata,2013,Southeast US Fall,33.7579296533538,-77.9848916682657,8.58374817772749
Black sea bass,Centropristis striata,2013,Southeast US Spring,32.2070144849471,-79.3771695751681,8.32085975665647
Black sea bass,Centropristis striata,2013,Southeast US Summer,33.8509536348305,-77.6212970653405,8.23968103548147
Black sea bass,Centropristis striata,2014,Southeast US Fall,32.9977316874617,-78.9425562010681,8.63245573131597
Black sea bass,Centropristis striata,2014,Southeast US Spring,33.8446151943091,-78.4476839308161,8.3505937873923
Black sea bass,Centropristis striata,2014,Southeast US Summer,34.2910818482929,-77.4819479898598,8.42856035691117
Black sea bass,Centropristis striata,2015,Northeast US Spring,39.4938496217103,-72.7632133916474,74.4421141451906
Black sea bass,Centropristis striata,2015,Southeast US Fall,32.9996584400445,-79.0830813194751,8.72527121280198
Black sea bass,Centropristis striata,2015,Southeast US Spring,33.9570341532175,-78.0244933768409,8.1895914405181
Black sea bass,Centropristis striata,2015,Southeast US Summer,33.7900100765392,-78.3225027954849,8.44473587279794
Black sea bass,Centropristis striata,2016,Northeast US Spring,40.2865296333728,-72.020540590785,57.5871489407726
Black sea bass,Centropristis striata,2016,Southeast US Fall,33.6920423848612,-77.9741008768619,8.78795466656467
Black sea bass,Centropristis striata,2016,Southeast US Spring,33.6711883087381,-78.3709140349178,8.33171072558445
Black sea bass,Centropristis striata,2016,Southeast US Summer,34.4335035100072,-77.4562840441716,8.62704508033157
Black sea bass,Centropristis striata,2018,Northeast US Spring,38.6686422160283,-73.2979170414268,100.316484870529
Black sea bass,Centropristis striata,2018,Southeast US Spring,34.3703461420356,-77.5666130720016,8.48316481805289
Black sea bass,Centropristis striata,2018,Southeast US Summer,34.6276296205874,-76.7626760666889,8.46306767535476
Black sea bass,Centropristis striata,2019,Northeast US Spring,39.5008122657175,-72.7319041231356,86.3606686056947
Black sea bass,Centropristis striata,2019,Southeast US Spring,34.4404314364201,-77.4476678467021,8.57450569388528
Black sea bass,Centropristis striata,2019,Southeast US Summer,34.0089473567271,-77.96101718937,8.48706049112373
Black sea bass,Centropristis striata,2017,Southeast US Fall,33.7747504151114,-78.6099050236124,8.84590961606514
Black sea bass,Centropristis striata,2017,Southeast US Spring,33.4247262031586,-78.9122624277858,8.10022507345009
Black sea bass,Centropristis striata,2017,Southeast US Summer,34.0440514326623,-77.5988335672845,8.45039872589637
Rainbow star,Orthasterias koehleri,2005,West Coast Annual,43.558141763268,-124.010326427491,171.9071344655
Rainbow star,Orthasterias koehleri,2007,West Coast Annual,35.995887046148,-120.630392850579,87.6070827436132
Rainbow star,Orthasterias koehleri,2009,West Coast Annual,46.5300732262882,-124.825154553808,116.283420944168
Rainbow star,Orthasterias koehleri,2011,West Coast Annual,45.5203653644861,-124.697234371542,137.669131282428
Rainbow star,Orthasterias koehleri,2013,West Coast Annual,46.6579191103986,-124.990641807799,141.565691893086
Rainbow star,Orthasterias koehleri,2015,West Coast Annual,48.2028670460382,-125.214874692758,183.512531755072
Rainbow star,Orthasterias koehleri,2017,West Coast Annual,44.1029671729626,-124.674817966609,223.790702557353
Banded drum,Larimus fasciatus,1983,Northeast US Fall,35.549450840708,-75.3115038230088,26.716814159292
Banded drum,Larimus fasciatus,1985,Northeast US Fall,36.010049128726,-75.1869742428864,34.6465165222936
Banded drum,Larimus fasciatus,1986,Northeast US Fall,35.549450840708,-75.3115038230088,26.716814159292
Banded drum,Larimus fasciatus,1989,Southeast US Fall,32.8836190936161,-78.3633443316388,8.64904739450432
Banded drum,Larimus fasciatus,1989,Southeast US Spring,30.8490505270887,-80.9609614287788,8.16302941107906
Banded drum,Larimus fasciatus,1989,Southeast US Summer,32.0219871907855,-79.2058863312629,7.97856419649554
Banded drum,Larimus fasciatus,1990,Southeast US Fall,32.8402055116502,-79.2748745511755,8.24951542341632
Banded drum,Larimus fasciatus,1990,Southeast US Spring,29.9186466179222,-81.1453147002902,8.2437029967049
Banded drum,Larimus fasciatus,1990,Southeast US Summer,31.7743740211338,-79.899797527769,8.08074365355135
Banded drum,Larimus fasciatus,1991,Southeast US Fall,33.2470008151574,-78.9471485228164,8.65440165623822
Banded drum,Larimus fasciatus,1991,Southeast US Spring,30.5108964007674,-80.6915857318065,7.75369973412857
Banded drum,Larimus fasciatus,1991,Southeast US Summer,31.6433317475891,-79.9502940911304,8.12239357858882
Banded drum,Larimus fasciatus,1992,Southeast US Fall,31.8930406324678,-80.1084797248177,8.11242244245045
Banded drum,Larimus fasciatus,1992,Southeast US Spring,29.9711966024997,-81.1453861633124,7.98360070632375
Banded drum,Larimus fasciatus,1992,Southeast US Summer,32.1575436850295,-80.1305336423512,8.06219976894547
Banded drum,Larimus fasciatus,1993,Southeast US Fall,34.2478651789025,-77.031784744956,8.64865123280216
Banded drum,Larimus fasciatus,1993,Southeast US Spring,30.8216574365122,-81.1823348232202,8.01216485813456
Banded drum,Larimus fasciatus,1993,Southeast US Summer,31.5543081866562,-80.4147905400364,8.16112258189739
Banded drum,Larimus fasciatus,1994,Southeast US Fall,33.3615785735038,-78.6360632902781,8.51730414254406
Banded drum,Larimus fasciatus,1994,Southeast US Spring,31.6808195649539,-79.8461914463151,8.14566566063085
Banded drum,Larimus fasciatus,1994,Southeast US Summer,32.2332480981419,-79.9546198980907,7.78384284044597
Banded drum,Larimus fasciatus,1995,Northeast US Fall,35.549450840708,-75.3115038230088,26.716814159292
Banded drum,Larimus fasciatus,1995,Southeast US Fall,31.4676852174566,-79.8477132141917,8.38896271036625
Banded drum,Larimus fasciatus,1995,Southeast US Spring,30.984630963426,-81.0514630673431,7.95429826110788
Banded drum,Larimus fasciatus,1995,Southeast US Summer,31.0990984100845,-80.5302006307027,8.40541086787915
Banded drum,Larimus fasciatus,1996,Northeast US Fall,35.549450840708,-75.3115038230088,26.716814159292
Banded drum,Larimus fasciatus,1996,Southeast US Fall,31.6144817354308,-80.1249758751941,8.15959334392119
Banded drum,Larimus fasciatus,1996,Southeast US Spring,30.0339881494857,-81.2859566699514,8.56124903403517
Banded drum,Larimus fasciatus,1996,Southeast US Summer,32.378371820046,-79.2838531188539,8.04800309072037
Banded drum,Larimus fasciatus,1997,Northeast US Fall,36.4795010148275,-75.5864292240731,21.5019889599579
Banded drum,Larimus fasciatus,1997,Southeast US Fall,31.9693902408838,-80.3335135876357,8.14172812814818
Banded drum,Larimus fasciatus,1997,Southeast US Spring,30.2781375072101,-81.2448607798071,8.58818218803284
Banded drum,Larimus fasciatus,1997,Southeast US Summer,31.5951541122164,-79.9683631233803,8.02967929018616
Banded drum,Larimus fasciatus,1998,Northeast US Fall,35.549450840708,-75.3115038230088,26.716814159292
Banded drum,Larimus fasciatus,1998,Southeast US Fall,32.9365859027079,-79.426897400267,8.24321470507708
Banded drum,Larimus fasciatus,1998,Southeast US Spring,32.318050021345,-80.1997316029655,7.82553812103885
Banded drum,Larimus fasciatus,1998,Southeast US Summer,31.5865542665126,-80.0080913211873,8.14785171794985
Banded drum,Larimus fasciatus,1999,Northeast US Fall,35.6979644331268,-75.3678943711546,26.0741213053652
Banded drum,Larimus fasciatus,1999,Southeast US Fall,33.1626950383689,-78.7618545684961,8.15869648073098
Banded drum,Larimus fasciatus,1999,Southeast US Spring,30.7474781546421,-80.5614103656853,7.7559290210421
Banded drum,Larimus fasciatus,1999,Southeast US Summer,32.2107924494857,-79.5841963894103,7.91452030277421
Banded drum,Larimus fasciatus,2000,Northeast US Fall,36.1383247891567,-75.5350990118461,24.1684610263055
Banded drum,Larimus fasciatus,2000,Southeast US Fall,34.3053137988647,-77.0446038110362,8.73148319674031
Banded drum,Larimus fasciatus,2000,Southeast US Spring,32.3132923426915,-79.5225434947464,8.40631272740575
Banded drum,Larimus fasciatus,2000,Southeast US Summer,31.7379600364927,-79.9796733046132,8.4766850158853
Banded drum,Larimus fasciatus,2001,Southeast US Fall,30.8497201921177,-80.2023723844803,8.18561713960797
Banded drum,Larimus fasciatus,2001,Southeast US Spring,31.2382205597336,-80.6665072793362,7.95153107711918
Banded drum,Larimus fasciatus,2001,Southeast US Summer,31.8977803721951,-79.838646709256,8.30528403572819
Banded drum,Larimus fasciatus,2002,Northeast US Fall,36.169485394958,-75.5469306806723,24.0336134453782
Banded drum,Larimus fasciatus,2002,Southeast US Fall,32.8093721888397,-79.4648362254531,8.36298604743634
Banded drum,Larimus fasciatus,2002,Southeast US Spring,31.2380186081987,-80.4392341989018,7.94520138998277
Banded drum,Larimus fasciatus,2002,Southeast US Summer,32.0476852784951,-79.6427619124377,8.2570306281991
Banded drum,Larimus fasciatus,2003,Northeast US Fall,36.0128299926556,-75.4874486907618,24.711539997076
Banded drum,Larimus fasciatus,2003,Southeast US Fall,32.58340070198,-79.28890249455,8.46208822637795
Banded drum,Larimus fasciatus,2003,Southeast US Spring,31.9315499072632,-80.730871659238,8.64510549122958
Banded drum,Larimus fasciatus,2003,Southeast US Summer,31.1749026355465,-80.4714539301356,8.35673471221651
Banded drum,Larimus fasciatus,2004,Northeast US Fall,35.906711037102,-75.4471553682796,25.1707699792592
Banded drum,Larimus fasciatus,2004,Southeast US Fall,33.9214930570111,-77.7223679270128,8.5097746138438
Banded drum,Larimus fasciatus,2004,Southeast US Spring,30.2144048261733,-80.9824401767511,8.08914478877038
Banded drum,Larimus fasciatus,2004,Southeast US Summer,33.4589469471562,-78.3618869475462,8.18616663747203
Banded drum,Larimus fasciatus,2005,Northeast US Fall,35.5943569946732,-75.3265508383354,26.4919943481473
Banded drum,Larimus fasciatus,2005,Southeast US Fall,32.2690498137312,-80.3568863518399,8.08069742422805
Banded drum,Larimus fasciatus,2005,Southeast US Spring,32.3858303520427,-79.1609948833337,8.2190379625722
Banded drum,Larimus fasciatus,2005,Southeast US Summer,32.8622855446796,-79.2288126562097,8.00498021805179
Banded drum,Larimus fasciatus,2006,Northeast US Fall,36.8619520879958,-75.2438034773849,30.8637498618129
Banded drum,Larimus fasciatus,2006,Southeast US Fall,33.6929823007806,-78.1286568362085,8.498428840803
Banded drum,Larimus fasciatus,2006,Southeast US Spring,32.0517073785012,-79.9413938494109,7.79885789261684
Banded drum,Larimus fasciatus,2006,Southeast US Summer,32.6811141302484,-79.2973953008945,7.78285623342755
Banded drum,Larimus fasciatus,2007,Northeast US Fall,36.4037567824596,-75.5073496664077,22.7243158689983
Banded drum,Larimus fasciatus,2007,Southeast US Fall,32.8131309139973,-79.2284831798597,8.49803119038033
Banded drum,Larimus fasciatus,2007,Southeast US Spring,33.8897112103645,-77.9845127807279,8.34346506072398
Banded drum,Larimus fasciatus,2007,Southeast US Summer,33.0069612168063,-79.0657563853891,8.06912447929316
Banded drum,Larimus fasciatus,2008,Northeast US Fall,36.1064806128802,-75.2501013212176,33.0141494827837
Banded drum,Larimus fasciatus,2008,Southeast US Fall,34.128309894525,-77.4817483084304,8.7011836840293
Banded drum,Larimus fasciatus,2008,Southeast US Spring,33.1099158049795,-79.1940671221083,7.54777157680378
Banded drum,Larimus fasciatus,2008,Southeast US Summer,31.7011594257492,-80.4312705428986,7.66806299171317
Banded drum,Larimus fasciatus,2009,Northeast US Fall,35.9475758955162,-75.316135574177,29.7262635495491
Banded drum,Larimus fasciatus,2009,Southeast US Fall,31.5781207501757,-80.4499129642339,8.47358843975185
Banded drum,Larimus fasciatus,2009,Southeast US Spring,32.7791882879727,-79.2380176103212,8.20114971262919
Banded drum,Larimus fasciatus,2009,Southeast US Summer,32.9075420747158,-79.1429002999387,8.12434501933744
Banded drum,Larimus fasciatus,2010,Northeast US Fall,36.0996073696065,-75.5019304040726,24.0767078382708
Banded drum,Larimus fasciatus,2010,Southeast US Fall,31.9768288478646,-80.2342989735834,8.22093769680171
Banded drum,Larimus fasciatus,2010,Southeast US Spring,31.952745512079,-80.516101043025,8.01074118044001
Banded drum,Larimus fasciatus,2010,Southeast US Summer,32.6759189327052,-79.6830912618261,8.15497551244611
Banded drum,Larimus fasciatus,2011,Northeast US Fall,36.0420132530866,-75.4525110412051,24.7421888672605
Banded drum,Larimus fasciatus,2011,Southeast US Fall,31.107629247306,-79.7373490410776,8.42461474696245
Banded drum,Larimus fasciatus,2011,Southeast US Spring,32.9473062807231,-79.3485259989832,7.99752387367989
Banded drum,Larimus fasciatus,2011,Southeast US Summer,32.00998056543,-80.0623102101974,8.03987780830823
Banded drum,Larimus fasciatus,2012,Northeast US Fall,36.6072575891188,-75.2797157127634,29.0158692545254
Banded drum,Larimus fasciatus,2012,Southeast US Fall,33.1294231236922,-78.4093068506013,8.62905493231201
Banded drum,Larimus fasciatus,2012,Southeast US Spring,31.7182502707799,-80.8051784013807,7.9297237741286
Banded drum,Larimus fasciatus,2012,Southeast US Summer,33.1986050214151,-78.9257823929922,7.94903369806081
Banded drum,Larimus fasciatus,2013,Northeast US Fall,35.549450840708,-75.3115038230088,26.716814159292
Banded drum,Larimus fasciatus,2013,Southeast US Fall,32.1832620656056,-79.5862262537103,8.43315137004336
Banded drum,Larimus fasciatus,2013,Southeast US Spring,32.2063122642597,-79.970846085838,7.59080451239273
Banded drum,Larimus fasciatus,2013,Southeast US Summer,32.9269755633907,-78.8958785444454,8.29415695822249
Banded drum,Larimus fasciatus,2014,Northeast US Fall,36.2678082932954,-75.5208523065292,23.8557653808371
Banded drum,Larimus fasciatus,2014,Southeast US Fall,32.9053194584273,-79.2339200199137,8.50214394144712
Banded drum,Larimus fasciatus,2014,Southeast US Spring,33.7552147487901,-78.0112531808295,8.06236220930063
Banded drum,Larimus fasciatus,2014,Southeast US Summer,32.9036727778793,-79.1608250662708,8.12956926967412
Banded drum,Larimus fasciatus,2015,Northeast US Fall,36.0530707068044,-75.3225974065866,27.6787362364307
Banded drum,Larimus fasciatus,2015,Southeast US Fall,32.8895487550715,-78.7850221246106,8.4564679518731
Banded drum,Larimus fasciatus,2015,Southeast US Spring,33.159084060579,-78.8867123547897,8.16848128458664
Banded drum,Larimus fasciatus,2015,Southeast US Summer,32.9478008269581,-78.9751559228521,8.15992275098468
Banded drum,Larimus fasciatus,2016,Northeast US Fall,36.3906942972404,-75.4181914569867,25.700544982072
Banded drum,Larimus fasciatus,2016,Southeast US Fall,33.9040511182,-77.8363425746555,8.56539271340244
Banded drum,Larimus fasciatus,2016,Southeast US Spring,32.7355131540739,-79.4949840345124,8.1018757772554
Banded drum,Larimus fasciatus,2016,Southeast US Summer,32.3292463273186,-79.7002898456746,8.34698975919746
Banded drum,Larimus fasciatus,2017,Southeast US Fall,33.4434373384704,-78.1796276069992,8.60608517806829
Banded drum,Larimus fasciatus,2017,Southeast US Spring,31.6071617634959,-80.743614698971,7.97215859139995
Banded drum,Larimus fasciatus,2017,Southeast US Summer,32.7300529262532,-79.5588358149439,8.04641731467096
Banded drum,Larimus fasciatus,2018,Northeast US Fall,37.8710829708231,-74.7001505524058,34.6750919838577
Banded drum,Larimus fasciatus,2018,Southeast US Spring,32.5211352669113,-79.2216663448225,7.97237477358067
Banded drum,Larimus fasciatus,2018,Southeast US Summer,32.6749883373473,-79.3326356395761,8.15678036571668
Banded drum,Larimus fasciatus,2019,Northeast US Fall,36.1772120681227,-75.3634759716931,25.3433973473779
Banded drum,Larimus fasciatus,2019,Southeast US Spring,32.045709289156,-80.3069534429279,8.04466697194928
Banded drum,Larimus fasciatus,2019,Southeast US Summer,32.4349771746132,-79.5121471176698,8.18519520739266
Guachanche barracuda,Sphyraena guachancho,1989,Southeast US Fall,30.0468851158922,-80.8088455045917,8.04246833276392
Guachanche barracuda,Sphyraena guachancho,1989,Southeast US Spring,29.7276653010839,-81.1539672805871,8.19106097435901
Guachanche barracuda,Sphyraena guachancho,1989,Southeast US Summer,30.7619333368357,-80.811141719078,8.50922548862705
Guachanche barracuda,Sphyraena guachancho,1990,Southeast US Fall,33.081552520224,-79.0999063787538,8.37334495944549
Guachanche barracuda,Sphyraena guachancho,1990,Southeast US Spring,29.555365817832,-81.10757135749,8.20080410647723
Guachanche barracuda,Sphyraena guachancho,1990,Southeast US Summer,30.9912032919646,-80.3453576098053,7.94914115903589
Guachanche barracuda,Sphyraena guachancho,1991,Southeast US Fall,33.8107610468196,-78.1805969944328,8.77383007217033
Guachanche barracuda,Sphyraena guachancho,1991,Southeast US Spring,32.6021168070171,-79.7128415109482,8.0225918575632
Guachanche barracuda,Sphyraena guachancho,1991,Southeast US Summer,31.0943376961893,-80.802675617944,8.11173886734325
Guachanche barracuda,Sphyraena guachancho,1992,Southeast US Fall,30.2164075339564,-80.553894431466,8.06412114911781
Guachanche barracuda,Sphyraena guachancho,1992,Southeast US Spring,29.1461507630696,-80.9374201167452,8.15231733617399
Guachanche barracuda,Sphyraena guachancho,1992,Southeast US Summer,30.6606425024963,-81.0130816039392,8.10405102379368
Guachanche barracuda,Sphyraena guachancho,1993,Southeast US Fall,32.7643145014363,-78.6465086670712,8.71370833393397
Guachanche barracuda,Sphyraena guachancho,1993,Southeast US Spring,29.0046241002312,-80.8372264247415,7.85081573725068
Guachanche barracuda,Sphyraena guachancho,1993,Southeast US Summer,30.9538103553164,-81.0222298956255,7.59906981302607
Guachanche barracuda,Sphyraena guachancho,1994,Southeast US Fall,32.0476604015618,-80.2303527770629,8.29130524145275
Guachanche barracuda,Sphyraena guachancho,1994,Southeast US Spring,29.2547564277009,-80.835724826812,8.15214090704543
Guachanche barracuda,Sphyraena guachancho,1994,Southeast US Summer,31.6955765691611,-80.8923825057899,7.91498229125065
Guachanche barracuda,Sphyraena guachancho,1995,Southeast US Fall,33.5354492664468,-78.1540070518041,8.51779234449814
Guachanche barracuda,Sphyraena guachancho,1995,Southeast US Spring,30.4817780073566,-81.1392923944629,8.39946641711421
Guachanche barracuda,Sphyraena guachancho,1995,Southeast US Summer,29.7764443844612,-80.8524262562922,7.99075606463178
Guachanche barracuda,Sphyraena guachancho,1996,Southeast US Fall,33.4884331250539,-78.3784966281881,8.65675754073811
Guachanche barracuda,Sphyraena guachancho,1996,Southeast US Spring,29.939647306355,-81.1012632952792,7.98370941519834
Guachanche barracuda,Sphyraena guachancho,1996,Southeast US Summer,30.1813052597892,-81.1528951814031,8.50865766733043
Guachanche barracuda,Sphyraena guachancho,1997,Southeast US Fall,30.3240422068816,-81.2344418016135,9.14570111724313
Guachanche barracuda,Sphyraena guachancho,1997,Southeast US Spring,30.0989796559319,-81.3285207491427,8.52830170111285
Guachanche barracuda,Sphyraena guachancho,1997,Southeast US Summer,32.3659626220285,-79.3191584578242,8.09743829474358
Guachanche barracuda,Sphyraena guachancho,1998,Southeast US Fall,33.2650299288207,-78.4942026437627,8.45207694643068
Guachanche barracuda,Sphyraena guachancho,1998,Southeast US Spring,31.9809914904066,-80.6652436149626,7.88605081003088
Guachanche barracuda,Sphyraena guachancho,1998,Southeast US Summer,31.2741295073635,-80.5011119677032,7.93252955307658
Guachanche barracuda,Sphyraena guachancho,1999,Southeast US Fall,33.4141878225081,-78.3664471287937,8.27685377787508
Guachanche barracuda,Sphyraena guachancho,1999,Southeast US Spring,29.740931698067,-80.9728105838884,7.90145508171277
Guachanche barracuda,Sphyraena guachancho,1999,Southeast US Summer,32.1059134746735,-79.7892139702299,7.89351680043401
Guachanche barracuda,Sphyraena guachancho,2000,Southeast US Fall,33.0670970835156,-79.0955844851966,8.57166048433282
Guachanche barracuda,Sphyraena guachancho,2000,Southeast US Spring,30.2158017102953,-80.6713892934611,7.63230796328511
Guachanche barracuda,Sphyraena guachancho,2000,Southeast US Summer,31.8785833168855,-79.996559543398,8.376508877557
Guachanche barracuda,Sphyraena guachancho,2001,Southeast US Fall,31.104045753286,-80.1633187425497,8.29115967203787
Guachanche barracuda,Sphyraena guachancho,2001,Southeast US Spring,28.8788620843833,-80.7823829333923,7.79800846413167
Guachanche barracuda,Sphyraena guachancho,2001,Southeast US Summer,29.740348424044,-80.8824562228121,7.48628155582514
Guachanche barracuda,Sphyraena guachancho,2002,Southeast US Fall,32.178408338822,-79.4006303710349,8.55157879666862
Guachanche barracuda,Sphyraena guachancho,2002,Southeast US Spring,29.562834112193,-80.9109320674885,8.15436804846932
Guachanche barracuda,Sphyraena guachancho,2002,Southeast US Summer,30.7328481199442,-81.064751695862,7.89292799209221
Guachanche barracuda,Sphyraena guachancho,2003,Southeast US Fall,32.3436265306942,-79.4046598290086,8.72219458117697
Guachanche barracuda,Sphyraena guachancho,2003,Southeast US Spring,29.0557340893557,-80.8932456749542,8.1593232939904
Guachanche barracuda,Sphyraena guachancho,2003,Southeast US Summer,30.3029857736485,-81.2579128843165,8.6781268353605
Guachanche barracuda,Sphyraena guachancho,2004,Southeast US Fall,32.9671189539138,-79.1422905190806,8.42831325928157
Guachanche barracuda,Sphyraena guachancho,2004,Southeast US Spring,28.8803641426421,-80.78304582718,7.78793897492181
Guachanche barracuda,Sphyraena guachancho,2004,Southeast US Summer,29.1350424409288,-80.8283969309514,8.1356310280132
Guachanche barracuda,Sphyraena guachancho,2005,Southeast US Fall,31.3773538822281,-80.6180849768386,8.53005732429449
Guachanche barracuda,Sphyraena guachancho,2005,Southeast US Spring,29.3763137254902,-81.0707843137255,7.48039215686275
Guachanche barracuda,Sphyraena guachancho,2005,Southeast US Summer,29.1982457073804,-80.9142821186665,7.93779655083232
Guachanche barracuda,Sphyraena guachancho,2006,Southeast US Fall,33.9388609317362,-77.7368889261352,8.81618688162526
Guachanche barracuda,Sphyraena guachancho,2006,Southeast US Spring,29.7284498728323,-81.1888620609308,7.93597188508791
Guachanche barracuda,Sphyraena guachancho,2006,Southeast US Summer,29.7833188912581,-81.1736524288348,8.4298686919582
Guachanche barracuda,Sphyraena guachancho,2007,Southeast US Fall,29.3189689106754,-80.8142951362423,8.43091107058527
Guachanche barracuda,Sphyraena guachancho,2007,Southeast US Spring,29.5759985608126,-81.0137319048077,7.50206428981909
Guachanche barracuda,Sphyraena guachancho,2007,Southeast US Summer,30.2100170440096,-80.2479809841608,8.14642370391869
Guachanche barracuda,Sphyraena guachancho,2008,Southeast US Fall,31.0851079320972,-80.7222059273646,8.45348610942371
Guachanche barracuda,Sphyraena guachancho,2008,Southeast US Spring,29.0302921348315,-80.8818651685393,8.21348314606742
Guachanche barracuda,Sphyraena guachancho,2008,Southeast US Summer,30.9462210482624,-79.8271707761003,8.06505296134196
Guachanche barracuda,Sphyraena guachancho,2009,Southeast US Fall,31.7988463008003,-79.8826427235787,8.60084742606294
Guachanche barracuda,Sphyraena guachancho,2009,Southeast US Spring,29.4863032690844,-81.0717527447712,7.94181945789953
Guachanche barracuda,Sphyraena guachancho,2009,Southeast US Summer,31.2977348625867,-81.1821595668809,7.66541465426216
Guachanche barracuda,Sphyraena guachancho,2010,Southeast US Fall,31.5349164186102,-79.5208257195654,8.51091874638231
Guachanche barracuda,Sphyraena guachancho,2010,Southeast US Spring,28.9761826706471,-80.8042745083211,7.77334299398269
Guachanche barracuda,Sphyraena guachancho,2010,Southeast US Summer,34.8373896201822,-76.4182076942601,7.79252950366571
Guachanche barracuda,Sphyraena guachancho,2011,Southeast US Fall,30.72937407717,-80.0600012335071,8.41230371718548
Guachanche barracuda,Sphyraena guachancho,2011,Southeast US Summer,28.8607362637363,-80.7706263736264,7.89010989010989
Guachanche barracuda,Sphyraena guachancho,2012,Southeast US Fall,29.7948807154568,-81.0122353852586,8.36104308731039
Guachanche barracuda,Sphyraena guachancho,2012,Southeast US Spring,29.352399965363,-80.9841379143579,7.84069359826518
Guachanche barracuda,Sphyraena guachancho,2012,Southeast US Summer,29.0985899998591,-80.8205590317321,8.16689553252383
Guachanche barracuda,Sphyraena guachancho,2013,Southeast US Fall,29.8334539024538,-80.6642687736851,8.45898155141327
Guachanche barracuda,Sphyraena guachancho,2013,Southeast US Spring,29.2703261595355,-81.0102961954465,7.5900803293351
Guachanche barracuda,Sphyraena guachancho,2013,Southeast US Summer,29.0846853244607,-80.835299023752,8.16881304529281
Guachanche barracuda,Sphyraena guachancho,2014,Southeast US Fall,32.1030143284486,-79.0981411491075,8.3209683209607
Guachanche barracuda,Sphyraena guachancho,2014,Southeast US Spring,29.0302921348315,-80.8818651685393,8.21348314606742
Guachanche barracuda,Sphyraena guachancho,2014,Southeast US Summer,34.0642799916336,-77.456464457212,8.54216223413201
Guachanche barracuda,Sphyraena guachancho,2015,Southeast US Fall,30.8841851430865,-80.4699093147961,8.62221429997468
Guachanche barracuda,Sphyraena guachancho,2015,Southeast US Spring,28.8696477272727,-80.7763295454545,7.77272727272727
Guachanche barracuda,Sphyraena guachancho,2015,Southeast US Summer,30.8396822885119,-80.6613587417436,8.62889513540977
Guachanche barracuda,Sphyraena guachancho,2016,Southeast US Fall,31.8613856398355,-79.3768518034026,8.5379744071518
Guachanche barracuda,Sphyraena guachancho,2016,Southeast US Spring,30.6908425730232,-81.2439324481825,7.60529753930025
Guachanche barracuda,Sphyraena guachancho,2016,Southeast US Summer,31.8551463335447,-79.6548302420108,8.38572652439985
Guachanche barracuda,Sphyraena guachancho,2017,Southeast US Fall,31.7005044041623,-80.1478750446279,8.25851616893017
Guachanche barracuda,Sphyraena guachancho,2017,Southeast US Spring,30.4659854858243,-81.0481556151632,8.37168060690282
Guachanche barracuda,Sphyraena guachancho,2017,Southeast US Summer,32.4867868213128,-78.724929904161,7.90857532027027
Guachanche barracuda,Sphyraena guachancho,2018,Southeast US Spring,29.1107214040643,-80.8733275965332,8.19435933526769
Guachanche barracuda,Sphyraena guachancho,2018,Southeast US Summer,34.5098463910085,-76.7464730204199,8.39614106161698
Guachanche barracuda,Sphyraena guachancho,2019,Southeast US Spring,30.1393577850684,-81.0089016633437,8.03319801816673
Guachanche barracuda,Sphyraena guachancho,2019,Southeast US Summer,34.3118405063397,-76.9171516989086,8.2856373025829
